Handle,Title,Body (HTML),Vendor,Product Category,Type,Tags,Published,Option1 Name,Option1 Value,Option2 Name,Option2 Value,Option3 Name,Option3 Value,Variant SKU,Variant Grams,Variant Inventory Tracker,Variant Inventory Qty,Variant Inventory Policy,Variant Fulfillment Service,Variant Price,Variant Compare At Price,Variant Requires Shipping,Variant Taxable,Image Src,Image Position,Image Alt Text,Gift Card,Variant Image,Status
everyday-leather-backpack,Everyday Leather Backpack,"<p>A clean, structured backpack in soft black leather. Padded laptop sleeve, two exterior zip pockets, and adjustable straps that stay comfortable from the commute to the trailhead.</p>",Driftwood Supply Co.,,Bags,"bags, leather, everyday",TRUE,Title,Default Title,,,,,EVERYDAYLE,500,shopify,25,deny,manual,128.00,,TRUE,TRUE,https://burst.shopifycdn.com/photos/black-fashion-backpack.jpg?width=2400,1,Black leather backpack on a white background,FALSE,,active
mini-city-backpack,Mini City Backpack,"<p>A compact flap-top backpack with brushed gold hardware. Fits a tablet, a water bottle, and the essentials, without the bulk.</p>",Driftwood Supply Co.,,Bags,"bags, leather, city",TRUE,Title,Default Title,,,,,MINICITYBA,500,shopify,18,deny,manual,98.00,,TRUE,TRUE,https://burst.shopifycdn.com/photos/gold-zipper-on-black-fashion-backpack.jpg?width=2400,1,Mini black backpack with gold zippers,FALSE,,active
mini-city-backpack,,,,,,,,,,,,,,,,,,,,,,,,https://burst.shopifycdn.com/photos/black-gold-fashion-backpack.jpg?width=2400,2,Mini backpack worn outdoors,,,
trail-crew-socks,Trail Crew Socks,"<p>Soft, breathable cotton-blend crew socks with a cushioned footbed. Pick a pattern, or grab all three.</p>",Driftwood Supply Co.,,Apparel,"apparel, socks",TRUE,Pattern,Grey Stripe,,,,,TRAILCREWS-GREYSTRIPE,500,shopify,60,deny,manual,14.00,,TRUE,TRUE,https://burst.shopifycdn.com/photos/grey-and-white-stripe-socks.jpg?width=2400,1,Grey and white striped socks,FALSE,https://burst.shopifycdn.com/photos/grey-and-white-stripe-socks.jpg?width=2400,active
trail-crew-socks,,,,,,,,,White,,,,,TRAILCREWS-WHITE,500,shopify,60,deny,manual,14.00,,TRUE,TRUE,https://burst.shopifycdn.com/photos/white-socks.jpg?width=2400,2,White crew socks,,https://burst.shopifycdn.com/photos/white-socks.jpg?width=2400,
trail-crew-socks,,,,,,,,,Geometric,,,,,TRAILCREWS-GEOMETRIC,500,shopify,40,deny,manual,14.00,,TRUE,TRUE,https://burst.shopifycdn.com/photos/color-geometric-socks.jpg?width=2400,3,Colorful geometric socks,,https://burst.shopifycdn.com/photos/color-geometric-socks.jpg?width=2400,
trail-crew-socks,,,,,,,,,,,,,,,,,,,,,,,,https://burst.shopifycdn.com/photos/geometric-socks.jpg?width=2400,4,Geometric socks being worn,,,
wool-felt-hat,Wool Felt Hat,<p>A wide-brim hat in 100% wool felt with a grosgrain band. Holds its shape in wind and light rain.</p>,Driftwood Supply Co.,,Apparel,"apparel, hats, sale",TRUE,Size,S,,,,,WOOLFELTHA-S,500,shopify,12,deny,manual,68.00,85.00,TRUE,TRUE,https://burst.shopifycdn.com/photos/fashionable-man-in-hat.jpg?width=2400,1,Brown wool felt hat,FALSE,,active
wool-felt-hat,,,,,,,,,M,,,,,WOOLFELTHA-M,500,shopify,15,deny,manual,68.00,85.00,TRUE,TRUE,https://burst.shopifycdn.com/photos/the-man-in-the-hat.jpg?width=2400,2,Wool felt hat worn outdoors,,,
wool-felt-hat,,,,,,,,,L,,,,,WOOLFELTHA-L,500,shopify,10,deny,manual,68.00,85.00,TRUE,TRUE,https://burst.shopifycdn.com/photos/young-woman-in-hat.jpg?width=2400,3,"Wool felt hat, side view",,,
heritage-leather-boot,Heritage Leather Boot,"<p>Full-grain leather lace-up boots with a Goodyear welt and a grippy rubber sole. Built to be resoled, not replaced.</p>",Driftwood Supply Co.,,Footwear,"footwear, boots, leather",TRUE,Size,8,,,,,HERITAGELE-8,500,shopify,6,deny,manual,189.00,,TRUE,TRUE,https://burst.shopifycdn.com/photos/tying-laces-on-boots.jpg?width=2400,1,Brown leather boots being laced,FALSE,,active
heritage-leather-boot,,,,,,,,,9,,,,,HERITAGELE-9,500,shopify,8,deny,manual,189.00,,TRUE,TRUE,https://burst.shopifycdn.com/photos/brown-boots-on-the-curb.jpg?width=2400,2,Brown leather boots on a curb,,,
heritage-leather-boot,,,,,,,,,10,,,,,HERITAGELE-10,500,shopify,8,deny,manual,189.00,,TRUE,TRUE,https://burst.shopifycdn.com/photos/rugged-hiking-boots-stood-on-rocks.jpg?width=2400,3,Leather boots on rocky ground,,,
heritage-leather-boot,,,,,,,,,11,,,,,HERITAGELE-11,500,shopify,5,deny,manual,189.00,,TRUE,TRUE,,,,,,
heritage-leather-boot,,,,,,,,,12,,,,,HERITAGELE-12,500,shopify,0,deny,manual,189.00,,TRUE,TRUE,,,,,,
ridgeline-hiking-boot,Ridgeline Hiking Boot,<p>A waterproof nubuck hiking boot with a padded collar and a lugged sole for loose trails.</p>,Driftwood Supply Co.,,Footwear,"footwear, boots, hiking",TRUE,Size,8,,,,,RIDGELINEH-8,500,shopify,7,deny,manual,169.00,,TRUE,TRUE,https://burst.shopifycdn.com/photos/stylish-hiking-boots.jpg?width=2400,1,Wheat nubuck hiking boots,FALSE,,active
ridgeline-hiking-boot,,,,,,,,,9,,,,,RIDGELINEH-9,500,shopify,7,deny,manual,169.00,,TRUE,TRUE,,,,,,
ridgeline-hiking-boot,,,,,,,,,10,,,,,RIDGELINEH-10,500,shopify,7,deny,manual,169.00,,TRUE,TRUE,,,,,,
ridgeline-hiking-boot,,,,,,,,,11,,,,,RIDGELINEH-11,500,shopify,7,deny,manual,169.00,,TRUE,TRUE,,,,,,
ridgeline-hiking-boot,,,,,,,,,12,,,,,RIDGELINEH-12,500,shopify,7,deny,manual,169.00,,TRUE,TRUE,,,,,,
enamel-camp-kettle,Enamel Camp Kettle,<p>A 1.5-quart speckled enamel kettle that goes straight on the stove or the campfire. Pairs with our camp mugs.</p>,Driftwood Supply Co.,,Camp Kitchen,"camp kitchen, coffee",TRUE,Title,Default Title,,,,,ENAMELCAMP,500,shopify,20,deny,manual,42.00,,TRUE,TRUE,https://burst.shopifycdn.com/photos/camping-kettle-and-coffee-cup.jpg?width=2400,1,Blue enamel kettle and mug at a campsite,FALSE,,active
enamel-camp-kettle,,,,,,,,,,,,,,,,,,,,,,,,https://burst.shopifycdn.com/photos/kettle-and-cup-in-front-of-tent.jpg?width=2400,2,Enamel kettle in front of a tent,,,
campfire-roast-coffee,Campfire Roast Coffee,<p>A smooth dark roast with notes of cocoa and toasted pecan. Roasted in small batches.</p>,Driftwood Supply Co.,,Camp Kitchen,"camp kitchen, coffee",TRUE,Size,12 oz,Grind,Whole Bean,,,CAMPFIRERO-12OZ-WHOLEBEAN,500,shopify,40,deny,manual,19.00,,TRUE,TRUE,https://burst.shopifycdn.com/photos/coffee-beans-from-above.jpg?width=2400,1,Dark roast coffee beans,FALSE,,active
campfire-roast-coffee,,,,,,,,,12 oz,,Ground,,,CAMPFIRERO-12OZ-GROUND,500,shopify,40,deny,manual,19.00,,TRUE,TRUE,,,,,,
campfire-roast-coffee,,,,,,,,,2 lb,,Whole Bean,,,CAMPFIRERO-2LB-WHOLEBEAN,500,shopify,15,deny,manual,42.00,,TRUE,TRUE,,,,,,
campfire-roast-coffee,,,,,,,,,2 lb,,Ground,,,CAMPFIRERO-2LB-GROUND,500,shopify,15,deny,manual,42.00,,TRUE,TRUE,,,,,,
forest-hatchet,Forest Hatchet,"<p>A forged steel hatchet with a hickory handle, sized for splitting kindling and clearing camp. Leather sheath included.</p>",Driftwood Supply Co.,,Camp Gear,"camp gear, tools",TRUE,Title,Default Title,,,,,FORESTHATC,500,shopify,14,deny,manual,54.00,,TRUE,TRUE,https://burst.shopifycdn.com/photos/axe-atop-tree-stump.jpg?width=2400,1,Hatchet resting on a tree stump,FALSE,,active
forest-hatchet,,,,,,,,,,,,,,,,,,,,,,,,https://burst.shopifycdn.com/photos/a-hatchet-stuck-in-fallen-tree.jpg?width=2400,2,Hatchet in a fallen log,,,
forest-hatchet,,,,,,,,,,,,,,,,,,,,,,,,https://burst.shopifycdn.com/photos/campfire-prep-with-axe.jpg?width=2400,3,Hatchet next to kindling,,,
trailhead-tent,Trailhead Tent,"<p>A two-person, three-season dome tent that sets up in under five minutes. Full rainfly, two doors, and a 4 lb pack weight.</p>",Driftwood Supply Co.,,Camp Gear,"camp gear, tents",TRUE,Color,Teal,,,,,TRAILHEADT-TEAL,500,shopify,8,deny,manual,249.00,,TRUE,TRUE,https://burst.shopifycdn.com/photos/camping-tent.jpg?width=2400,1,Teal dome tent at a campsite,FALSE,https://burst.shopifycdn.com/photos/camping-tent.jpg?width=2400,active
trailhead-tent,,,,,,,,,Sunflower,,,,,TRAILHEADT-SUNFLOWER,500,shopify,6,deny,manual,249.00,,TRUE,TRUE,https://burst.shopifycdn.com/photos/tent-at-fields-edge.jpg?width=2400,2,Sunflower yellow tent in a field,,https://burst.shopifycdn.com/photos/tent-at-fields-edge.jpg?width=2400,
trailhead-tent,,,,,,,,,,,,,,,,,,,,,,,,https://burst.shopifycdn.com/photos/setting-up-tent.jpg?width=2400,3,Setting up the tent rainfly,,,
cedar-and-smoke-candle,Cedar & Smoke Candle,"<p>Soy wax with a crackling wood wick. Notes of cedarwood, smoke, and a little vanilla, like a campfire that doesn't follow you home.</p>",Driftwood Supply Co.,,Home,"home, candles",TRUE,Size,8 oz,,,,,CEDARANDSM-8OZ,500,shopify,30,deny,manual,32.00,,TRUE,TRUE,https://burst.shopifycdn.com/photos/wood-wick-jar-candle.jpg?width=2400,1,Wood wick candle in a glass jar,FALSE,,active
cedar-and-smoke-candle,,,,,,,,,16 oz,,,,,CEDARANDSM-16OZ,500,shopify,20,deny,manual,48.00,,TRUE,TRUE,https://burst.shopifycdn.com/photos/wood-wick-candle-from-above.jpg?width=2400,2,Candle from above,,,
cedar-and-smoke-candle,,,,,,,,,,,,,,,,,,,,,,,,https://burst.shopifycdn.com/photos/candle-burning.jpg?width=2400,3,Candle burning,,,
